end_date,shrinkage
1981-01-29,0.15416284237967237
1981-01-30,0.0
1981-02-02,0.0
1981-02-03,1.2758181764550228e-09
1981-02-04,0.0708783697751393
1981-02-05,0.06883442288501206
1981-02-06,0.03302742164256735
1981-02-09,0.3893850607807993
1981-02-10,0.032292361866087985
1981-02-11,0.2876207539918852
1981-02-12,0.23530839554090793
1981-02-13,0.24238082838629255
1981-02-17,0.23996500841643637
1981-02-18,0.4783972630766875
1981-02-19,0.01623592495519578
1981-02-20,0.31880672644185754
1981-02-23,0.3202171711846299
1981-02-24,0.3198434895640917
1981-02-25,0.3470076810135637
1981-02-26,0.3268948554136174
1981-02-27,0.31453291924589155
1981-03-02,0.31451586955903493
1981-03-03,0.5999657042179622
1981-03-04,0.37486114227795225
1981-03-05,0.3746184963431118
1981-03-06,0.37450765717549456
1981-03-09,0.3550369792086772
1981-03-10,0.3325153055172232
1981-03-11,0.3563798557768584
1981-03-12,0.3508680978590386
1981-03-13,0.35067440463554245
1981-03-16,0.3471329160604318
1981-03-17,0.3581172053283347
1981-03-18,0.3580193084581771
1981-03-19,0.3580165435102025
1981-03-20,0.49359428471709593
1981-03-23,0.49350352502374245
1981-03-24,0.49503635607328217
1981-03-25,0.494021546903017
1981-03-26,0.49451787190582347
1981-03-27,0.4945659502799731
1981-03-30,0.49453610004781245
1981-03-31,0.49516824775667184
1981-04-01,0.4942500322111238
1981-04-02,0.49399054374460866
1981-04-03,0.5074315897883434
1981-04-06,0.507309905244922
1981-04-07,0.50764899957715
1981-04-08,0.5076803508112936
1981-04-09,0.5076714085875514
1981-04-10,0.5089534685275068
1981-04-13,0.5664647788956733
1981-04-14,0.5088842249682677
1981-04-15,0.508889990630556
1981-04-16,0.5094170722134769
1981-04-20,0.674877424481128
1981-04-21,0.5092515350360798
1981-04-22,0.509254781329233
1981-04-23,0.5093048349808725
1981-04-24,0.5093361287260961
1981-04-27,0.5089858345900637
1981-04-28,0.5090034719527633
1981-04-29,0.5086553717813874
1981-04-30,0.5082059625327697
1981-05-01,0.5082228807319211
1981-05-04,0.5087905974967368
1981-05-05,0.5887008457252936
1981-05-06,0.5090458967796823
1981-05-07,0.5038042351238382
1981-05-08,0.5075855753294944
1981-05-11,0.5076240651422494
1981-05-12,0.632452260011973
1981-05-13,0.6324643375903227
1981-05-14,0.6324634008081238
1981-05-15,0.5084344188228656
1981-05-18,0.508422136872028
1981-05-19,0.5082795861330246
1981-05-20,0.5083634587287733
1981-05-21,0.5082024312111955
1981-05-22,0.5678128181966141
1981-05-26,0.5086219148395201
1981-05-27,0.5086235689612837
1981-05-28,0.508300550699536
1981-05-29,0.5038009002509357
1981-06-01,0.503718743057628
1981-06-02,0.5036344632941225
1981-06-03,0.5036724029998477
1981-06-04,0.5017518797753092
1981-06-05,0.5016549263194059
1981-06-08,0.5017207596094941
1981-06-09,0.501917358761236
1981-06-10,0.5035748666210519
1981-06-11,0.5036848620522957
1981-06-12,0.5036882732928764
1981-06-15,0.503688732776573
1981-06-16,0.5036638660586421
1981-06-17,0.5035388841763699
1981-06-18,0.5035637251525589
1981-06-19,0.5035543051925935
1981-06-22,0.5035537687265983
1981-06-23,0.5035676554707342
1981-06-24,0.5516740342771996
1981-06-25,0.5516795586106258
1981-06-26,0.5037230296479293
1981-06-29,0.5037570161820228
1981-06-30,0.5037595390463449
1981-07-01,0.5038580577090374
1981-07-02,0.5038879330774135
1981-07-06,0.5038863878503017
1981-07-07,0.5038927213729074
1981-07-08,0.5038924721427404
1981-07-09,0.5022303725034695
1981-07-10,0.5022066547493542
1981-07-13,0.5024027045667163
1981-07-14,0.5027509367901347
1981-07-15,0.5028189396962641
1981-07-16,0.5031194109048146
1981-07-17,0.5031215850865711
1981-07-20,0.5031217583232794
1981-07-21,0.5007442956791883
1981-07-22,0.50022448112997
1981-07-23,0.5003017675378548
1981-07-24,0.5009986889194588
1981-07-27,0.5019100143850368
1981-07-28,0.5021640697497426
1981-07-29,0.5018526364304011
1981-07-30,0.5020954839039694
1981-07-31,0.502096231052762
1981-08-03,0.5020739656556578
1981-08-04,0.501966091925933
1981-08-05,0.5019661779317803
1981-08-06,0.5039923139629056
1981-08-07,0.5039924549437245
1981-08-10,0.5039761926467764
1981-08-11,0.5039768105195976
1981-08-12,0.5039229020531646
1981-08-13,0.5039722928368211
1981-08-14,0.5036111379104471
1981-08-17,0.5034370267722841
1981-08-18,0.5026783269421852
1981-08-19,0.5026760326618391
1981-08-20,0.07880724071167058
1981-08-21,0.07880766144904994
1981-08-24,0.07880792340105319
1981-08-25,0.07880686221644781
1981-08-26,0.07896552814630778
1981-08-27,0.07922652979650843
1981-08-28,0.079225774597704
1981-08-31,0.07922509041934829
1981-09-01,0.07922518434558903
1981-09-02,0.07927587901718554
1981-09-03,0.07928388103612322
1981-09-04,0.07928363835810813
1981-09-08,0.07928349899160742
1981-09-09,0.07928286894541028
1981-09-10,0.07929216308838352
1981-09-11,0.07921116956911063
1981-09-14,0.07922259303433214
1981-09-15,0.07922284867137312
1981-09-16,0.07922313496981755
1981-09-17,0.07922159684005256
1981-09-18,0.07922093559571476
1981-09-21,0.07922109714391275
1981-09-22,0.07922098466039833
1981-09-23,0.07922076154850675
1981-09-24,0.07826998581529285
1981-09-25,0.07827075274953892
1981-09-28,0.07827051763120255
1981-09-29,0.07827072984772096
1981-09-30,0.07827102013648535
1981-10-01,0.07827472617640417
1981-10-02,0.0782746144465348
1981-10-05,0.07827713048675625
1981-10-06,0.0782784669103313
1981-10-07,0.07827856657135912
1981-10-08,0.07827912042945633
1981-10-09,0.0782808636730454
1981-10-12,0.0788295334286608
1981-10-13,0.07884683509364032
1981-10-14,0.07884507612566631
1981-10-15,0.07884433573269456
1981-10-16,0.07884308776299032
1981-10-19,0.07884305405441296
1981-10-20,0.0786951608013823
1981-10-21,0.07869584463014535
1981-10-22,0.07869721848691945
1981-10-23,0.07869687267341287
1981-10-26,0.07869638600191436
1981-10-27,0.07870110122030606
1981-10-28,0.08052416157973923
1981-10-29,0.08051770437478552
1981-10-30,0.0805162743842874
1981-11-02,0.08048859610613052
1981-11-03,0.08049737553554784
1981-11-04,0.08049376736167302
1981-11-05,0.0804942562691261
1981-11-06,0.08049387657172828
1981-11-09,0.0804215721382129
1981-11-10,0.08038053300035168
1981-11-11,0.08035632753640146
1981-11-12,0.08035650616396622
1981-11-13,0.08035721071485588
1981-11-16,0.2365606581345753
1981-11-17,0.08109358620654669
1981-11-18,0.08109353591623705
1981-11-19,0.08109354267626905
1981-11-20,0.08108942664970695
1981-11-23,0.08108948980999137
1981-11-24,0.08108926522673189
1981-11-25,0.08108946749750032
1981-11-27,0.08108952382319759
1981-11-30,0.08108964176038658
1981-12-01,0.08108938316579624
1981-12-02,0.08108944716468541
1981-12-03,0.22289865927796623
1981-12-04,0.08115787739438407
1981-12-07,0.08132276448488487
1981-12-08,0.08132303533029606
1981-12-09,0.08137546036684215
1981-12-10,0.2735042156985083
1981-12-11,0.0812929377597015
1981-12-14,0.08129336553088769
1981-12-15,0.08123590071635946
1981-12-16,0.07878904143016785
1981-12-17,0.07879054981912738
1981-12-18,0.07879050941156325
1981-12-21,0.07879042049938835
1981-12-22,0.07879036213332759
1981-12-23,0.07879137636113669
1981-12-24,0.0787913204757273
1981-12-28,0.07879134723920626
1981-12-29,0.0787912959625802
1981-12-30,0.07879124295517083
1981-12-31,0.30644225924010965
1982-01-04,0.04822766351792652
1982-01-05,0.04822765787867951
1982-01-06,0.058769486420871396
1982-01-07,0.04822768931711821
1982-01-08,0.04822768809098178
1982-01-11,0.04822742288989987
1982-01-12,0.048225282637733576
1982-01-13,0.04822555283433555
1982-01-14,0.04822579950124071
1982-01-15,0.048225814243838164
1982-01-18,0.048225807559883836
1982-01-19,0.019450859403455496
1982-01-20,0.019450818767271033
1982-01-21,0.01946647302464747
1982-01-22,0.019467404995213124
1982-01-25,0.019468676094018464
1982-01-26,0.01946691075701852
1982-01-27,0.019463576998734047
1982-01-28,0.019465192475301096
1982-01-29,0.01946725089481729
1982-02-01,0.019466153672828848
1982-02-02,0.0194786812959795
1982-02-03,0.019479534344969764
1982-02-04,0.01948296580271719
1982-02-05,0.01948558770373221
1982-02-08,0.019486617415196073
1982-02-09,0.01964594985909432
1982-02-10,0.01964616424816572
1982-02-11,0.019713157310005832
1982-02-12,0.019709014127909884
1982-02-16,0.01971635698975812
1982-02-17,0.019713314992439036
1982-02-18,0.019711111426319306
1982-02-19,0.019709574329182272
1982-02-22,0.01970748762920509
1982-02-23,0.019682386298359975
1982-02-24,0.019682339575121048
1982-02-25,0.01967961090968889
1982-02-26,0.019679566045160305
1982-03-01,0.019680258856389465
1982-03-02,0.019676258400912496
1982-03-03,0.01967642482203154
1982-03-04,0.01967475990746625
1982-03-05,0.0196727811047289
1982-03-08,0.019672250040262743
1982-03-09,0.01967058411813251
1982-03-10,0.019792634311691964
1982-03-11,0.0197923399872126
1982-03-12,0.019792483919681796
1982-03-15,0.01979332894482594
1982-03-16,0.019971388101706202
1982-03-17,0.01997970261948163
1982-03-18,0.0199807856495802
1982-03-19,0.02006253062700419
1982-03-22,0.02006178326665175
1982-03-23,0.0200619112743725
1982-03-24,0.02006067776020578
1982-03-25,0.020063168365688916
1982-03-26,0.020062835175123517
1982-03-29,0.020062211452313624
1982-03-30,0.02011176548609697
1982-03-31,0.020111359047563854
1982-04-01,0.020111332301722903
1982-04-02,0.02011115052624343
1982-04-05,0.020084722572648567
1982-04-06,0.020086426792964386
1982-04-07,0.020085908157849282
1982-04-08,0.020085329706760156
1982-04-12,0.020085543882409313
1982-04-13,0.020085116539576432
1982-04-14,0.02008467684507106
1982-04-15,0.2688980398609184
1982-04-16,0.05325586612682096
1982-04-19,0.05325577402630081
1982-04-20,0.05325577362120723
1982-04-21,0.0532606545329592
1982-04-22,0.053260663335388356
1982-04-23,0.053260670111408795
1982-04-26,0.05326068032631947
1982-04-27,0.053260533414004094
1982-04-28,0.053260129470879304
1982-04-29,0.0532601373710207
1982-04-30,0.053260145031677406
1982-05-03,0.05326015548260764
1982-05-04,0.05326015143294741
1982-05-05,0.05326016514215989
1982-05-06,0.05312423718227953
1982-05-07,0.05312417662183052
1982-05-10,0.05312654200056483
1982-05-11,0.05311232987659941
1982-05-12,0.05311229964321332
1982-05-13,0.05311228398253181
1982-05-14,0.05311528527324075
1982-05-17,0.05311638477114882
1982-05-18,0.053125369831092645
1982-05-19,0.05312562718856546
1982-05-20,0.0531255892427674
1982-05-21,0.05312553486510194
1982-05-24,0.05312586352132264
1982-05-25,0.05312580774257046
1982-05-26,0.05312575557381861
1982-05-27,0.05312571092898592
1982-05-28,0.05312568234357441
1982-06-01,0.053125762983981854
1982-06-02,0.05358126153147555
1982-06-03,0.053581279178424916
1982-06-04,0.05356036961664867
1982-06-07,0.053560373566264606
1982-06-08,0.05356021055017127
1982-06-09,0.05356016284526339
1982-06-10,0.05356015936728647
1982-06-11,0.05356015660614014
1982-06-14,0.05354745622751121
1982-06-15,0.05355060349356631
1982-06-16,0.053532870075748265
1982-06-17,0.05353287251830616
1982-06-18,0.05353287305884307
1982-06-21,0.05353287376932921
1982-06-22,0.05353287723544307
1982-06-23,0.05353287848432785
1982-06-24,0.053532791753163125
1982-06-25,0.05353279094602546
1982-06-28,0.053532792350997435
1982-06-29,0.053532793164785805
1982-06-30,0.053532797529282077
1982-07-01,0.053532778703496
1982-07-02,0.05353275935432209
1982-07-06,0.053532761495752486
1982-07-07,0.053532544366911405
1982-07-08,0.05353254208730742
1982-07-09,0.053532547257449555
1982-07-12,0.05353254756508263
1982-07-13,0.053818002106322066
1982-07-14,0.05381808132776743
1982-07-15,0.05381822334292157
1982-07-16,0.053829098066411674
1982-07-19,0.05382928241040839
1982-07-20,0.05382945868179956
1982-07-21,0.053829643310502745
1982-07-22,0.05382980637294929
1982-07-23,0.053828747243890064
1982-07-26,0.12826244979204815
1982-07-27,0.053654820268094976
1982-07-28,0.05365483894249617
1982-07-29,0.05365477113002465
1982-07-30,0.24807664676846627
1982-08-02,0.053671475881202496
1982-08-03,0.05367154150437305
1982-08-04,0.053671604324208644
1982-08-05,0.05366397723050449
1982-08-06,0.05366402950703414
1982-08-09,0.053664089083785206
1982-08-10,0.12827522828302543
1982-08-11,0.053664210513004004
1982-08-12,0.053664260034900185
1982-08-13,0.05366432771269815
1982-08-16,0.053664394687555114
1982-08-17,0.05366422079836164
1982-08-18,0.05366421325330625
1982-08-19,0.05366381559874921
1982-08-20,0.05366376371547551
1982-08-23,0.053661727305284734
1982-08-24,0.436662367865936
1982-08-25,0.0526501093283165
1982-08-26,0.05265172223794102
1982-08-27,0.05423224955430951
1982-08-30,0.04647501082255498
1982-08-31,0.04647494346380208
1982-09-01,0.04647489354452726
1982-09-02,0.05174016770501499
1982-09-03,0.05171407798328054
1982-09-07,0.05171401769664256
1982-09-08,0.05171395193507834
1982-09-09,0.051713898426643264
1982-09-10,0.051714013249631346
1982-09-13,0.05171383137962975
1982-09-14,0.051713765564417695
1982-09-15,0.051713701674712384
1982-09-16,0.0517136527719174
1982-09-17,0.051748611845090685
1982-09-20,0.05171353149594567
1982-09-21,0.051713468868923564
1982-09-22,0.051750074814624666
1982-09-23,0.051713840211834054
1982-09-24,0.051713786194817396
1982-09-27,0.051713812649663536
1982-09-28,0.05171383852187306
1982-09-29,0.051713774435194225
1982-09-30,0.051713766137803534
1982-10-01,0.0517137028971865
1982-10-04,0.051713300201644045
1982-10-05,0.03215573783452453
1982-10-06,0.032155814159103194
1982-10-07,0.03215589125297668
1982-10-08,0.04688482948340953
1982-10-11,0.046884768671749615
1982-10-12,0.046884738143400356
1982-10-13,0.0468846724178402
1982-10-14,0.04688463611708336
1982-10-15,0.04688465674025972
1982-10-18,0.04688464849775372
1982-10-19,0.04680004902668105
1982-10-20,0.046800046533742735
1982-10-21,0.04680014972401258
1982-10-22,0.046799913911881555
1982-10-25,0.04679996039816519
1982-10-26,0.04680071856807374
1982-10-27,0.04680289661813482
1982-10-28,0.04680289408445014
1982-10-29,0.04680341083358383
1982-11-01,0.046803276614302176
1982-11-02,0.0468032002634026
1982-11-03,0.04680316459196797
1982-11-04,0.04680295490348349
1982-11-05,0.04680306634832489
1982-11-08,0.04680348836824611
1982-11-09,0.0519014728017945
1982-11-10,0.05190152100085092
1982-11-11,0.05190160597915635
1982-11-12,0.051901262042130226
1982-11-15,0.05189977811029768
1982-11-16,0.05189977766862846
1982-11-17,0.05189985504255136
1982-11-18,0.05190002438577721
1982-11-19,0.05189995172923674
1982-11-22,0.051900016620903024
1982-11-23,0.05190015607515548
1982-11-24,0.04669582739301573
1982-11-26,0.046695542007681945
1982-11-29,0.046695259123730154
1982-11-30,0.04669497276613185
1982-12-01,0.04669468013541257
1982-12-02,0.04669440005061293
1982-12-03,0.04669418086478531
1982-12-06,0.046693957972743144
1982-12-07,0.04669394993455906
1982-12-08,0.046713987071606115
1982-12-09,0.046713966099257265
1982-12-10,0.05254255058323059
1982-12-13,0.052595878539589726
1982-12-14,0.052595858867275976
1982-12-15,0.05259584847094957
1982-12-16,0.052595834127673505
1982-12-17,0.05259582024696805
1982-12-20,0.05259581297513933
1982-12-21,0.05259579714068928
1982-12-22,0.05259534810961335
1982-12-23,0.052595333224027055
1982-12-27,0.05259533212233504
1982-12-28,0.05259534460046632
1982-12-29,0.05259533030379984
1982-12-30,0.05259533326713012
1982-12-31,0.05259532871613545
1983-01-03,0.05259530525333779
1983-01-04,0.05259530622459105
1983-01-05,0.05259532228163008
1983-01-06,0.05259538454404366
1983-01-07,0.05259200387444687
1983-01-10,0.05259197944181966
1983-01-11,0.0525919752669781
1983-01-12,0.05259195119912012
1983-01-13,0.05259193117171929
1983-01-14,0.05259191398187644
1983-01-17,0.05259190471075363
1983-01-18,0.0525918809201572
1983-01-19,0.05259186456070222
1983-01-20,0.052591841137375965
1983-01-21,0.052591814345608556
1983-01-24,0.05259182187496699
1983-01-25,0.052591806218366045
1983-01-26,0.052591795528839407
1983-01-27,0.05259176968544993
1983-01-28,0.05259174355105037
1983-01-31,0.052591758761924824
1983-02-01,0.05259175066817774
1983-02-02,0.052591806929236366
1983-02-03,0.05259179194031443
1983-02-04,0.05259178687666996
1983-02-07,0.052619171018429355
1983-02-08,0.05261918650963652
1983-02-09,0.0526191960338344
1983-02-10,0.05261922788562872
1983-02-11,0.052619223619581205
1983-02-14,0.05261892462871382
1983-02-15,0.05261886757603254
1983-02-16,0.052618850933636926
1983-02-17,0.05261884475958939
1983-02-18,0.052618862048570025
1983-02-22,0.052618922218254455
1983-02-23,0.052618947242387706
1983-02-24,0.0526179375518456
1983-02-25,0.05261762417168962
1983-02-28,0.05261760482261665
1983-03-01,0.0526176172539377
1983-03-02,0.05261762788044074
1983-03-03,0.052617568061113965
1983-03-04,0.05261756710723511
1983-03-07,0.05261746520499908
1983-03-08,0.05261747543575485
1983-03-09,0.052617487159567336
1983-03-10,0.052618766656936336
1983-03-11,0.05261877724888311
1983-03-14,0.052618786399014
1983-03-15,0.05261600172145567
1983-03-16,0.05261593941086109
1983-03-17,0.05261595096445797
1983-03-18,0.052615937140968676
1983-03-21,0.052615945144189345
1983-03-22,0.05261595063013147
1983-03-23,0.05261596019540979
1983-03-24,0.052615916385972517
1983-03-25,0.05261592694640476
1983-03-28,0.05254714619389239
1983-03-29,0.05254709223949068
1983-03-30,0.052547034474157525
1983-03-31,0.04656188634795517
1983-04-04,0.04656182925306867
1983-04-05,0.13265762904868886
1983-04-06,0.13265763460473787
1983-04-07,0.13265764083169865
1983-04-08,0.1948292411189261
1983-04-11,0.19482936109467142
1983-04-12,0.1948293597601275
1983-04-13,0.1948293567471113
1983-04-14,0.19482935492969417
1983-04-15,0.19482935793939132
1983-04-18,0.19482935809463742
1983-04-19,0.1948293575814196
1983-04-20,0.19482960872804939
1983-04-21,0.19482960512234215
1983-04-22,0.19483155939387986
1983-04-25,0.1948315560619804
1983-04-26,0.1948315568255027
1983-04-27,0.19483154596675697
1983-04-28,0.19483155568720378
1983-04-29,0.1948315559959727
1983-05-02,0.19483156031478918
1983-05-03,0.19483156203947113
1983-05-04,0.19483156255415682
1983-05-05,0.19483155955907383
1983-05-06,0.19483140411711153
1983-05-09,0.1948314064707925
1983-05-10,0.19483118882798328
1983-05-11,0.19483118839969776
1983-05-12,0.19483118772488053
1983-05-13,0.19483118857035245
1983-05-16,0.19483118752750891
1983-05-17,0.19483118658468712
1983-05-18,0.19483119021300163
1983-05-19,0.19483118809316796
1983-05-20,0.194831189202933
1983-05-23,0.19483118839973637
1983-05-24,0.1948311878548869
1983-05-25,0.1948311889737226
1983-05-26,0.19483118755109516
1983-05-27,0.1948311874599998
1983-05-31,0.19483264203077935
1983-06-01,0.1948326415523974
1983-06-02,0.1948326411973806
1983-06-03,0.19483264280372195
1983-06-06,0.19483264407099785
1983-06-07,0.19483264363964725
1983-06-08,0.19483264617232374
1983-06-09,0.19483264517731
1983-06-10,0.19483265051129584
1983-06-13,0.1948326423862728
1983-06-14,0.19483264296716454
1983-06-15,0.19483264097358607
1983-06-16,0.19483263870649248
1983-06-17,0.19483263967434297
1983-06-20,0.19483264047910595
1983-06-21,0.19483263998747233
1983-06-22,0.1948326396088603
1983-06-23,0.19483262579275554
1983-06-24,0.19483262553151454
1983-06-27,0.19483262580069932
1983-06-28,0.19483262362904466
1983-06-29,0.1948326166433982
1983-06-30,0.19483261204236169
1983-07-01,0.19483261426567364
1983-07-05,0.19483261326120493
1983-07-06,0.19483268880189245
1983-07-07,0.19483266667692187
1983-07-08,0.1948326661558449
1983-07-11,0.19483266649047493
1983-07-12,0.19483266502252705
1983-07-13,0.19483266502855737
1983-07-14,0.19483266523257622
1983-07-15,0.19483265964090618
1983-07-18,0.19483265937903996
1983-07-19,0.1948323688277583
1983-07-20,0.19483236868474085
1983-07-21,0.19483236529353526
1983-07-22,0.19483236503455675
1983-07-25,0.19483236559178313
1983-07-26,0.19483219563325663
1983-07-27,0.19483219648259056
1983-07-28,0.1948321957361644
1983-07-29,0.19483219798928703
1983-08-01,0.19483219811467273
1983-08-02,0.19483219842475508
1983-08-03,0.19483219900226703
1983-08-04,0.19483219801969895
1983-08-05,0.1948321992120661
1983-08-08,0.1948321995694084
1983-08-09,0.1948322156913437
1983-08-10,0.1948325979133767
1983-08-11,0.19483259732333966
1983-08-12,0.19483259865841243
1983-08-15,0.19483266954986264
1983-08-16,0.19483266860229292
1983-08-17,0.19483266837052338
1983-08-18,0.1948326679554513
1983-08-19,0.19483266738992014
1983-08-22,0.19483266582254866
1983-08-23,0.1948326734407346
1983-08-24,0.19483267350162137
1983-08-25,0.14880832307991002
1983-08-26,0.19481290103394794
1983-08-29,0.19481290240222293
1983-08-30,0.19481285314201408
1983-08-31,0.19481287466591102
1983-09-01,0.1948128739888033
1983-09-02,0.1948128740715219
1983-09-06,0.19481287325454621
1983-09-07,0.14879031370196893
1983-09-08,0.19577642219661778
1983-09-09,0.19577634854158707
1983-09-12,0.19577637434908204
1983-09-13,0.19577635135530383
1983-09-14,0.19577637254583588
1983-09-15,0.20173471917289118
1983-09-16,0.19572589770401325
1983-09-19,0.19572580152135843
1983-09-20,0.1957259099590152
1983-09-21,0.19572586723372268
1983-09-22,0.1957258283362036
1983-09-23,0.19572584434792975
1983-09-26,0.19572583658958095
1983-09-27,0.19572586323189334
1983-09-28,0.19572583234642257
1983-09-29,0.19573490048883502
1983-09-30,0.1957348842343628
1983-10-03,0.1957348926804957
1983-10-04,0.19573491239265234
1983-10-05,0.19573489864514682
1983-10-06,0.1957349611624388
1983-10-07,0.19573492159065453
1983-10-10,0.19573489022943263
1983-10-11,0.19573492079523777
1983-10-12,0.1957354073116438
1983-10-13,0.1957354143446723
1983-10-14,0.19573537182113512
1983-10-17,0.19573539881394764
1983-10-18,0.1957354017825665
1983-10-19,0.19573541342041176
1983-10-20,0.195735395131842
1983-10-21,0.19573539420959074
1983-10-24,0.19573536985136683
1983-10-25,0.19573544882383648
1983-10-26,0.19573539543150278
1983-10-27,0.19573542015914963
1983-10-28,0.19573241237576652
1983-10-31,0.1957323657625358
1983-11-01,0.1957324178238037
1983-11-02,0.19573236433712815
1983-11-03,0.1957323538974141
1983-11-04,0.19573234645299112
1983-11-07,0.19573230530888588
1983-11-08,0.19573233585580513
1983-11-09,0.1957323510533599
1983-11-10,0.1957323021987467
1983-11-11,0.1957322516707216
1983-11-14,0.19573233191350498
1983-11-15,0.195732386688507
1983-11-16,0.19573238126364928
1983-11-17,0.1957323635633823
1983-11-18,0.19573251057154745
1983-11-21,0.19573251791695653
1983-11-22,0.1957325562736138
1983-11-23,0.19573240209303627
1983-11-25,0.19573258178267575
1983-11-28,0.1957325476950874
1983-11-29,0.1957325057108084
1983-11-30,0.1957325009269618
1983-12-01,0.1957325901730835
1983-12-02,0.19573248236082408
1983-12-05,0.19573250592412847
1983-12-06,0.19573251130107952
1983-12-07,0.19577234870590446
1983-12-08,0.1957723294530475
1983-12-09,0.19577235220649214
1983-12-12,0.1957724302134135
1983-12-13,0.19577228031811875
1983-12-14,0.19577241953128233
1983-12-15,0.19577241001880688
1983-12-16,0.19577237516345591
1983-12-19,0.19577245049225633
1983-12-20,0.1957723717084162
1983-12-21,0.19577247803406478
1983-12-22,0.195772401291915
1983-12-23,0.19577241889313138
1983-12-27,0.19577272086866918
1983-12-28,0.19577257051060734
1983-12-29,0.1957725590024527
1983-12-30,0.1957723262692316
1984-01-03,0.1957722118769607
1984-01-04,0.19577215866574002
1984-01-05,0.19577219977474108
1984-01-06,0.19577220007602278
1984-01-09,0.19577217230129135
1984-01-10,0.19577219886119424
1984-01-11,0.19577180096811345
1984-01-12,0.1957717839543709
1984-01-13,0.19577177810896823
1984-01-16,0.19577177812788976
1984-01-17,0.1957717862158947
1984-01-18,0.19577177218406633
1984-01-19,0.19577120555196006
1984-01-20,0.1957711686050051
1984-01-23,0.19577117768397392
1984-01-24,0.19577116700530264
1984-01-25,0.19577122943071784
1984-01-26,0.19577118776408053
1984-01-27,0.19577118431403404
1984-01-30,0.195771121512379
1984-01-31,0.1957711535740461
1984-02-01,0.19577114408210464
1984-02-02,0.195771150757115
1984-02-03,0.19577112731648674
1984-02-06,0.19577113874228064
1984-02-07,0.19577115124743072
1984-02-08,0.19577113555101514
1984-02-09,0.1957711253730031
1984-02-10,0.19577110497715391
1984-02-13,0.19577106323686183
1984-02-14,0.19331761384923274
1984-02-15,0.19331763271473762
1984-02-16,0.19331759180496738
1984-02-17,0.19331763744941113
1984-02-21,0.19532043523976916
1984-02-22,0.1953204950341364
1984-02-23,0.1953205028855825
1984-02-24,0.1953203965053363
1984-02-27,0.1953204200757163
1984-02-28,0.1953204815579992
1984-02-29,0.19532050199870502
1984-03-01,0.19532044401245327
1984-03-02,0.19055811078779658
1984-03-05,0.19532048708300048
1984-03-06,0.19532051209470264
1984-03-07,0.1953204447421488
1984-03-08,0.19532047509913283
1984-03-09,0.1953204507425686
1984-03-12,0.19532048871529753
1984-03-13,0.19532047448172182
1984-03-14,0.19532047910465994
1984-03-15,0.1953204276750818
1984-03-16,0.1953205143796996
1984-03-19,0.19532050126685785
1984-03-20,0.1953062894821426
1984-03-21,0.17929297777267492
1984-03-22,0.1932971462974611
1984-03-23,0.19329714298468004
1984-03-26,0.19530632554605207
1984-03-27,0.1862050555022543
1984-03-28,0.19329709368092796
1984-03-29,0.19329712502418414
1984-03-30,0.19530635101195565
1984-04-02,0.1905251933135522
1984-04-03,0.18620499940254798
1984-04-04,0.19329710436147182
1984-04-05,0.19329709267256498
1984-04-06,0.19329708626720923
1984-04-09,0.19530639726354104
1984-04-10,0.1953063360176234
1984-04-11,0.1932970641992461
1984-04-12,0.19530629416926046
1984-04-13,0.19530689146610078
1984-04-16,0.19530694102642307
1984-04-17,0.19530681992086238
1984-04-18,0.19530680868394962
1984-04-19,0.19053222150078397
1984-04-23,0.19530689210650298
1984-04-24,0.19530687294030533
1984-04-25,0.19530683859989795
1984-04-26,0.19530679697700834
1984-04-27,0.19530677148637776
1984-04-30,0.18621881669740412
1984-05-01,0.18621880476532646
1984-05-02,0.19530677695993992
1984-05-03,0.1932989366363348
1984-05-04,0.18818125182510928
1984-05-07,0.19530680504521003
1984-05-08,0.1953049904189467
1984-05-09,0.19530499910055468
1984-05-10,0.1953050080223474
1984-05-11,0.1953049608742148
1984-05-14,0.1953050602437211
1984-05-15,0.1953050200541865
1984-05-16,0.19530499716046876
1984-05-17,0.1953049990624229
1984-05-18,0.19530503649812148
1984-05-21,0.19530501156844982
1984-05-22,0.1953049974311698
1984-05-23,0.1953050358083544
1984-05-24,0.19530502906117717
1984-05-25,0.19052780238583336
1984-05-29,0.19530503199125915
1984-05-30,0.19052777412481595
1984-05-31,0.19530498395381019
1984-06-01,0.19531924045820434
1984-06-04,0.1953192208861557
1984-06-05,0.19531924540438803
1984-06-06,0.1933586483629285
1984-06-07,0.19531923163435808
1984-06-08,0.19531926885170073
1984-06-11,0.19335865974721028
1984-06-12,0.1933586418111345
1984-06-13,0.19531926536290503
1984-06-14,0.19335866452479533
1984-06-15,0.19531926994178578
1984-06-18,0.19335865651201167
1984-06-19,0.1933586531489425
1984-06-20,0.19335886251526385
1984-06-21,0.19335888479028893
1984-06-22,0.19531937029499402
1984-06-25,0.19531932775434924
1984-06-26,0.1953193617646306
1984-06-27,0.19335887330805082
1984-06-28,0.19531940490633576
1984-06-29,0.19531926587476395
1984-07-02,0.1953193153340022
1984-07-03,0.19531939220943598
1984-07-05,0.1953193534271922
1984-07-06,0.1933578597401002
1984-07-09,0.19531867187828625
1984-07-10,0.1953186674756662
1984-07-11,0.1933578613135076
1984-07-12,0.1933578538531524
1984-07-13,0.19531870940639076
1984-07-16,0.19335781989532935
1984-07-17,0.19531864511763014
1984-07-18,0.19531870161972428
1984-07-19,0.1953186799811523
1984-07-20,0.19335784810634762
1984-07-23,0.193357828043403
1984-07-24,0.19335785115653586
1984-07-25,0.19531872159011057
1984-07-26,0.19335782172526372
1984-07-27,0.193357845303746
1984-07-30,0.1953187073586766
1984-07-31,0.1933578300337594
1984-08-01,0.19531868643682207
1984-08-02,0.19335783947558313
1984-08-03,0.19335783495969508
1984-08-06,0.19531871569800258
1984-08-07,0.19335784268085338
1984-08-08,0.1953186491310995
1984-08-09,0.19335781691889065
1984-08-10,0.1953187220933203
1984-08-13,0.1933578365220983
1984-08-14,0.19531856965373404
1984-08-15,0.19531849339387597
1984-08-16,0.1933581801111089
1984-08-17,0.19335820094829811
1984-08-20,0.19531849756027725
1984-08-21,0.19531847769881736
1984-08-22,0.19531842431721833
1984-08-23,0.1953184050453851
1984-08-24,0.19335861414773767
1984-08-27,0.19531839433277992
1984-08-28,0.19531840650689067
1984-08-29,0.19336046874027252
1984-08-30,0.195318324802925
1984-08-31,0.19531832487082668
1984-09-04,0.19531831891250565
1984-09-05,0.19336063213267043
1984-09-06,0.19531832637295504
1984-09-07,0.19531832195039825
1984-09-10,0.19336062197830542
1984-09-11,0.193360618806475
1984-09-12,0.19531832527580484
1984-09-13,0.19336062076035446
1984-09-14,0.19531832411437727
1984-09-17,0.19336060745891537
1984-09-18,0.195318326008959
